path,bytes,lines,sha256
.cargo/audit.toml,2324,46,6754b55b5e0a34cf4a9a0250ace2c92b7fff6deb2c3e8068a849fc078d0f79c8
.dockerignore,372,26,5f4759807021bf0413fb1f4a0b2026057f70e5e74bbbc9dd67a2b4f27e761da1
.env.template,2964,48,040d3c09f76ef4b1f11b755bbf9a61a03a5938407d00589f9c78210d04681285
.github/workflows/ci.yml,7600,211,8982dd6292e9d268ac37352877baddd89c2ddeea51c709aa9f5e5764dca60a86
.gitignore,281,25,5574336e460432f825008f5039d58f82f5249c9c2f728d36ff4736512c67c6b1
AUDIT.md,160152,1767,bf196d35f18c53c206fa9f714421c0b1584ff6aa27efecb06a14a73c10a0e90c
CHANGELOG.md,14955,248,218d0b1b7e27649132656faaca2e00748ab71e7883a76b71bc1fbcc0d7d9b5b5
Cargo.lock,201147,8343,9740cac2a1fe01fd3dd181efd68098f968078871a6674235b7f0d4790ba4ad2f
Cargo.toml,3571,107,b5a65ce4bc5a9074ad545ddcf527e675704a64c392be2acd70e24b3bd0f78038
Dockerfile,2760,73,89cf34144d13cab9ddbb5dc0421ba75884ca5a0a6af6b41cd2d74ee117642c32
LICENSE,1536,30,dd2bbeb411c4659c256df7c9b4b063fbab796e312faeaa7cb2c4af45b5719ca5
README.md,32199,616,fdd9f087fe97f7a23c2c3f668df99088b4d0425243c7ef134b01a96cf8f00f94
SECURITY.md,1747,43,d788db3106816b5d411c88323a959d26c2ab13b9ab61438e5bf90b3b17de0afe
VERSION,6,1,e9dd8507f4bf0c6f42458e41aea833ad0bd3f6127272335eee9bf4d58541ed67
config.toml.example,18662,385,a09979e07c2b1e9f69ed0e555e30c2c24267d9db3a7384240ce685d64c00a011
crates/core/Cargo.toml,780,33,5cc6f59f86a8e2bc39d254ec058f0c1000667695d8ecea7549e6c7795a9cd630
crates/core/migrations/0001_bootstrap.sql,3432,79,45c5f0896ac9f91f9f176aa7c020a8fef80d7d752a17ff97bcb742c5862d7d08
crates/core/migrations/0002_orders_executions.sql,4808,97,4d41335901f325fba03460603bac20c49c47e977100ada174e4473d7ebce5781
crates/core/migrations/0003_positions_trades.sql,3791,78,0c2066804b827aabfbf9cd336094e6fb4754c4e13fec1f5e3a749c3fa6f2f40a
crates/core/migrations/0004_dedup_risk_audit.sql,2287,49,94f03e45f7fff3c10fcbe51d56041bd020ba0345f5a7cfe06b6d47fe87e7633c
crates/core/migrations/0005_reconciliation.sql,1548,32,7a8fbc5c1c938df4ad6cd96016ee59b2b0f3e439238d3478791a3fc17d345111
crates/core/migrations/0006_transaction_attribution.sql,866,15,5690e5a617fdd173295312479356dc613f26cc0fc9f50a849a7fc9f20dbfea0c
crates/core/migrations/0007_intent_journal.sql,1400,29,0eabc577ba64cf8cbf0e3346d6859a4fde54b80542ff903d9b6a439f8696be99
crates/core/migrations/0008_intent_claim_kind.sql,854,18,fab129cd428416d2cacfa39a7d8ea7dbe5222feccdcd0273705427e4cb9d4894
crates/core/migrations/0009_execution_claims.sql,2096,42,c3588d72a6173ae6cb1f38fe43913ab20f40eee662f4277501bf0e2ea5fb3279
crates/core/migrations/0010_runtime_flags.sql,874,18,be7112caf0e12acc0367ced8758fb14187ae9502c4acd6ff519b6a1f6824c1e5
crates/core/migrations/0011_execution_claim_events.sql,1487,32,60a579e912b4becccb081dd009bd447669c74c5c462d77bb4351b92f525903b8
crates/core/src/audit.rs,9886,300,c352eaca1ea0011f2f900fbe3c3109d4a77709d3aba76dbf0640a389674da12a
crates/core/src/auth.rs,13669,412,dfe39ecfefaf7df438ceb5c44e446b21ab6b965e501034fd29fe3198dc22454e
crates/core/src/config.rs,79591,2123,c8860f5ea83873e1147ef6793e3d3591d45c15a222b272bd3eda6120dc4cb1fb
crates/core/src/db/claims.rs,21245,561,2406b385bf645ca02ffb06b198408d406950a033d72130690b8a4fafd695087a
crates/core/src/db/mod.rs,9720,269,a0b8224b4607654abc30c31291952d052267715daef81eeef88017a6624add42
crates/core/src/db/repo.rs,77824,2171,c93b9de16ee81e5fc2e902a23827196267676a5779a03d37b3334f9caba124fa
crates/core/src/dedup.rs,11363,346,adba3eca04ee530ca8d2b698ab766804241ca6d2685244a929b77b91827972a5
crates/core/src/error.rs,6207,222,6499538c52a6f24b998055c0ae68cbaa32f32aed88edcb2ed5e17e33ec70bb64
crates/core/src/events.rs,13239,432,281c529a29e896b571075b5c7c601852795c15b2a822738fb241aef8d9b4a631
crates/core/src/lib.rs,2386,66,e295a93aaa999e1fc55fe31bd78a76967ac86e85e206a807300b788c6bb66338
crates/core/src/lifecycle.rs,7324,222,5ad030119cd8944efbf1c0455e56f5f423a8cfdece3ac803292dc84df360feb6
crates/core/src/maths.rs,14738,471,4b702e51fae96efac982c973e75b2f9a6cab95f5c4acc74e447e0d284a5f10e9
crates/core/src/models.rs,21434,713,cf7155f6cb91185b24b6924771f84250d054e19bcf1966ba9024ceff25207047
crates/core/src/obs/health.rs,8867,265,982d6c732ca8253fa39690482c58c0fc0625cf3207ddcb12b607700294e95b6c
crates/core/src/obs/metrics.rs,18642,566,e67a5f87dde81c8b9e320f3c363040661b174aa3ddc36e764393ae0a791574d9
crates/core/src/obs/mod.rs,705,16,f35e1857cfc03f75a510af7140eb444dc417f9f95e7daa2d7b1bd9d294a0007f
crates/core/src/oms.rs,25118,683,bb41777cb90d7b99e6610bde2adc84a5527184430beac6d16252c6f373adeca1
crates/core/src/ownership.rs,56819,1477,c1864724d4ad26ab78757033b668c9babe5fbe4feb2c1071a7e2bba8bed2651c
crates/core/src/reconciliation.rs,32350,819,1afb0529445b8a79128d177e9fa9fbf97845cfaeb343fc98d5ac854c63b1087f
crates/core/src/recovery.rs,21665,578,c53a7346eebed053d2e34689e87d16e64bc1918b53125e0b7f9d624026efe548
crates/core/src/redis_kv.rs,10520,295,8f058b91246d6ed3389533631205e4638ff192a75fab00c56ccde1f470f6e32d
crates/core/src/redis_ownership.rs,18883,519,0345895b0069e48436554eb1180b33a6c6e7b7ce0205b13140ef8095b12b694f
crates/core/src/risk.rs,34833,969,08b06010723e3d1e10ca33d618f66750a4374c3164e49aca3bd28154733b9562
crates/core/src/state.rs,61788,1677,a9769bbef4afcb2f0fa946a583f4c4e827b413994c7b3d1cac66f9bfccef3dec
crates/core/src/storage.rs,6186,193,606ef3c0c6e9d301fa6938b220c5b915bdfaaa7519867223098886abbf2cc249
crates/core/tests/db_integration.rs,48231,1402,02ade6e07ad452daf28f2ee1490f8aba0146d90e2b0558d56cb7008897c575f8
crates/core/tests/distributed_integration.rs,9703,283,03be5efe0717d756eb0c8b65700245150692a07d6273239a2a462d098ac16ce4
crates/core/tests/redis_integration.rs,12069,349,7167f2bbf0a4fba95960eaee8e2e2f7fc0bef6ce8339750ef2b711336dbbf655
crates/core/tests/storage_lifecycle.rs,6464,191,06b56106c9b1afe49c848baacfac895f9a1ed91079248e637d59fa09b0523a13
crates/module-copy/Cargo.toml,801,34,3245adf45276369d9c5ff2a64886829ac333a908c9297a9e3a11494dde49a0ba
crates/module-copy/src/exit.rs,18689,520,2df596fe1a63db304251bae2bf5dd8c0106bca1723082c8cb3e8398d1da5c3b8
crates/module-copy/src/feeds.rs,22496,612,1d485996710f610e58b4477b472e877622252427c72b2c72673d6dab82ea7c1d
crates/module-copy/src/lib.rs,8676,240,71f05b51c37a327e097ab9e896603bc92c110c95e3459d05e0ba9168d3505d1c
crates/module-copy/src/mirror.rs,27310,775,35ee11bddf4d1cd9eb4c1ecae417f17f6ca66f79159c3a2620d95d5fcd3f1405
crates/module-copy/tests/copy_feed.rs,6136,173,17a93942aeaa8b00394681b50fe7a69104348b5e3b7795f4d2642bf52060ca66
crates/module-copy/tests/geyser_feed.rs,12290,327,413968305fb359f00f867bacfe37ac098760c32dc7f247cd326aa392c7279165
crates/module-copy/tests/two_replica_mirror.rs,7305,196,7b6a042eec568c9cd21cbe5730d33275dddb148d0b09de2c3ded46d8a82a2ef3
crates/module-polymarket/Cargo.toml,1035,42,94be538e334eda25a3463ef2b46b5ab45d94b61ee8932f8b5a5a2ddd6d20fa9a
crates/module-polymarket/src/auth.rs,8768,245,550c9433eeb82409bd3fd4492fffa28f27a968478b78af78f6e7feebadcca440
crates/module-polymarket/src/clob.rs,18831,558,efbd80eaaf872440321d3577f977f2c0214e2383f3a18cbd31f4dc9a7fd37782
crates/module-polymarket/src/collateral.rs,16867,411,ccbc07fc7b3357ef2b769e205b36a2a51546a227f3e81c6a7b6899d0443f7370
crates/module-polymarket/src/ctf.rs,14127,345,69484a0d429b7954f03c57c4a49d58f1f15f7fc9370221a88e829c005a317b6a
crates/module-polymarket/src/eip712.rs,17763,473,4d8f2e524980c7c36b8a08895f7573531bc8cfe44afc3b778d769c6d808c0179
crates/module-polymarket/src/error.rs,5444,145,4e86703bcc76a0c8eb40915cd32ea16aed120d7df7c70525c35811c7a76480d7
crates/module-polymarket/src/gamma.rs,11409,329,2f5051ed90e69115dfeb1cfc64326475e82c3d2ae00bce59c5b2a51947e50de6
crates/module-polymarket/src/lib.rs,46575,1162,83d491670dad88eb0b939e3fba0786863e0fee1b79486c7636d8053c8af2d23b
crates/module-polymarket/src/orders.rs,15777,422,a11558f6ab57ea8145b521d7e84baf01435b0baa124d95cc55ca26d27fe0d78a
crates/module-polymarket/src/strategy.rs,10394,314,18b40e76b9c73b1c63fd06996e3889fc50b6b9a2d55578c665a81fe9920ede6d
crates/module-polymarket/src/ws.rs,6878,182,58497aacc8dac1564d495852879a0274573b840bf574b19fba74e56680470a77
crates/module-polymarket/tests/mock_clob_gamma.rs,16294,472,9b8323802f8e23b920d322c472d28c17cd56351dc58d25c779518ec7d0b6cc1d
crates/module-sniper/Cargo.toml,914,34,727cd9973e0d2827624d60b0ee0761385e5858f2a6d0ca7ba06409fd2c1fec0c
crates/module-sniper/src/detect.rs,21158,541,0d6481db880d95165aa165e92242d07a0300f2679cfb659d92247ec14d0d40c6
crates/module-sniper/src/entry.rs,24543,633,841600354285b8345bf143189e332682b0b063bd0714357b854b679e6189ca93
crates/module-sniper/src/exit.rs,19046,489,acd9e036ffaa6b3ef7c5e2b48d6a358cdaabef04cf6865dec9ffa2915dd67390
crates/module-sniper/src/lib.rs,18779,484,ec786dd48029b250d07f41a7b7a582f8935f6fb7b259158e88642fcdf7648c2b
crates/module-sniper/tests/detect_feed.rs,5304,148,2eab0fdf30b8b0d4ceb8f1055797cc77bf2391739e0a8b2abfb790fa8ebdadc3
crates/module-sniper/tests/geyser_detect.rs,12430,319,118bd97711f722db393b67a9437609a5098e9b1dc5671a1f3ceeb52bc9be21ab
crates/module-telegram/Cargo.toml,638,26,7ab3802d71bb220c4c2d68e3804029ade4e7e1cfa11a8352ca39eaffe6aea0f6
crates/module-telegram/src/alerts.rs,7280,190,0e4d7747183b495acd25d43b545616d1c4506ef6122f73efec5cfa3d6e04d5fc
crates/module-telegram/src/api.rs,14311,411,238e74a913e3937415ae52ada3d59f952b3f1fb1f023d38bfadf2e0afa3e3d32
crates/module-telegram/src/commands.rs,22082,623,e604f8fb2b3089ad2f19c3f9dddd98ab909d83f780452f3599bc7e2ff1167494
crates/module-telegram/src/lib.rs,8888,262,78a18a040be9a9a7c35e41981fd1872d11a16dddd74584eae9414643bce36f57
crates/server/Cargo.toml,992,39,531b80e3c47a44094a5d5dd6ef654295419ac47d6d19423fbb14c9dad258d331
crates/server/src/api.rs,49390,1437,bceedbb2b61b44c13eb1b33396a41bc08bd48040e91a7532519a90a960111c89
crates/server/src/dashboard.rs,13556,241,3e7145e2605079d22489251ca1a3d0dfc110c67391da84ec451978e39f7d8a23
crates/server/src/main.rs,48530,1243,2b4d217f6caca0ca715463909a37739fff3a6afccfe1b80bb3b7964a28ef1adc
crates/server/src/obs.rs,32897,920,8b46ed195ed70fb0e08b6e0f6edcc43ab77537e37b7bdbef7c467be2e8679e86
crates/server/src/persist.rs,23907,624,9d37679283bd3f18d3fcb4b43fd67ccea6ddbb056a1ee8e8de8ee7804b2503ad
crates/server/src/recon.rs,38865,942,a536092fe51f10a5a09b27ea67ef13f34641d58f68ca20fba7aeed5e0044d639
crates/server/src/ws.rs,906,32,9266600950b4cc7fa10a2dacd132454de03524eee1381c159bc405e22a7db2ae
crates/solana-kit/Cargo.toml,1275,46,b5532bfc2777a584954bdb2e342323487cf4ddf8506add3919df761d1644aea2
crates/solana-kit/src/cache.rs,11028,323,a1972eec2ef0570af76787cb97e608bf1ba50c7f28a7e8eb164b3361c989b9f9
crates/solana-kit/src/consts.rs,27977,578,68e21efe2492c0e4e6cd8533c4dfd497ce6cb53776efde03760b7577750677a1
crates/solana-kit/src/decode.rs,44537,1266,7f3ebb5d8137d660bb283c38596ec0d8c5397662311d3d300edb0ba011a27b0d
crates/solana-kit/src/events.rs,40372,1273,ffb977b902792855f10c3c212f3bd48532b638e0cae4096527a11a9e1bd81e90
crates/solana-kit/src/execute.rs,50514,1396,f2ecceee5153d5625d09ff6ef00ab7a1a0fe6c3e00ab102dc4d48274b71a1b9f
crates/solana-kit/src/jupiter.rs,30682,873,2b5b869bd8363c00c3b80919245ded8a538ffa5c96c504739b92174fcc8bfb40
crates/solana-kit/src/layout.rs,13387,371,9fe220bc887f3aaafa7d8ad4e3bdcedf30e062c33c4f2ccdc5180eb62a029e36
crates/solana-kit/src/lib.rs,2223,55,2193889bf16786b09b6ce4fbe6fd9c156a84025a11c500325a99a03de4cf0c89
crates/solana-kit/src/pump.rs,55131,1357,6a2b780617a8806607db6c4e1ee2e58178972c9e535e4898a1064062d5276779
crates/solana-kit/src/pumpportal.rs,34498,998,055c0aa6e53bea6ffd64f2ddfe6edc86b325c59d19bfa45eb829f581dd764f41
crates/solana-kit/src/pumpswap.rs,57326,1547,3d84237cb0336be5e3e660b0ae759e92c1fbe80d8b7d6838f8f74722cf82c555
crates/solana-kit/src/raydium.rs,48262,1236,2798a141932ab207569b9180d6ce050eb80631322ad6a6bf44c0ca433b107441
crates/solana-kit/src/rpc.rs,38923,1076,07819645d2d4fa05039cd6f1327b571558d435d5d7c5efe16363a5cb55a4aab8
crates/solana-kit/src/signer.rs,24684,669,9ccdd876455f965f29473025a193f43c0272b69e059f6255594a6e2002dc0542
crates/solana-kit/src/tokens.rs,20896,556,1ced1e6876ab65353edfe00a228afb4c56e1d1959dff0f0340ac227b3a726f53
crates/solana-kit/src/tx.rs,38669,1053,345c446c2f1660192c0e7fee4557008b64f1f14228e3e00417925ff25d732f67
crates/solana-kit/src/ws.rs,39894,1139,d7e82915f8efb0e4a7355e163128afec82c5cf90e2ccb354a1cd7eb441929bc4
crates/solana-kit/tests/devnet_e2e.rs,8774,252,db0eb6333e5e5785c36af1a9f22900fe90e4126a5912ef9fb34aaa5a1bca5aa7
crates/solana-kit/tests/latency_bench.rs,21159,577,4d7b75871c216b3102fdcf7d6555c41163d3698aa74bfc856c07d72b9977b92e
crates/solana-kit/tests/mock_pumpportal.rs,11079,325,d9783d6af4fdc7430ae346f22b5ba58e4097720469fa947589f46eb97e84e888
crates/solana-kit/tests/recon_crash_e2e.rs,13178,362,323c0844b1f52031ff9d36dd3adc649b742b087187a3f99d37e43bda0ca596d7
deny.toml,4075,92,80a7a1aafa9528049a4d48be3e81139c447c1eaa808e1322c1a91211ea386173
docker-compose.yml,2769,79,f36bd755d8a89337095148008ecfa37ff2f60fdd08db5f5de40dc83a07a70e88
docs/ACCEPTANCE-CHECKLIST.md,7447,135,267aec5e1a44c1d3c1812050baa450f943d7b1f822aab4c844d500d8cae0467f
docs/API.md,5081,109,4a02c0b00f60881a9b0b063fc9120a720a667aaa41b85482125389793f4f75a4
docs/ARCHITECTURE.md,6555,101,86951393588459b3ea923825dd5118669cffcde4950ab38a734d334f28709a39
docs/ARCHIVE-CHECKLIST.md,5216,106,cb970bb75c8042c77bbf4a7176a774609f55fc84a749f38fe8ea1608324be2aa
docs/BACKUP-RESTORE.md,6554,130,3c15125c97ba42771f8223a6dc8ad8ae1a935b8b8df7bf2a9c3d6a274dad4df1
docs/BUYER-ACCEPTANCE-TEST.md,13618,340,0f0176c3b9c169883cb6cf7883a2ae26d5c56819c31af24d84d028c2bc67e244
docs/BUYER-DEPLOYMENT.md,9194,207,49bc417e3fd3c66ba48099defdd538e973c7abd6cf6bbbc02cdbdb8d16423d54
docs/BUYER-DUE-DILIGENCE.md,10973,98,12e4067647dd9c4c3f75600d8cd389c5abd19d43f7a8bc8ce65be571b60c27a7
docs/BUYER-FAQ.md,9165,161,6e8d33950c5469fa94b2e767094883e10d3eec9067ff2112931a3111b46b7715
docs/BUYER-OVERVIEW.md,12951,225,f47ab17528c5c952c2c98e3ee755e441d6a9058079b14e0e1b1af5ae121fa04d
docs/BUYER-QUICKSTART.md,7881,221,f4b07c1be1936ee9b23854a5697bf4b3bbd08236ec3c808aaee43f22d2f94046
docs/BUYER-RISK-REGISTER.md,9083,42,63ea3fe9c8c5d484e1578bd14d24611819f7c402bc5f4c7e697f36e39093364d
docs/CAPABILITY-MATRIX.md,12711,66,6fd356c24fc2c9a04250c1efa8fd263cd593f6e8b04ce6a0e7898d3a2612fdda
docs/CI-LOCAL-EQUIVALENCE.md,5097,66,82480503990541af20be3057c00aaf83b157c4ca63e3cfa51c89a0116252d36b
docs/DELIVERY-MANIFEST.md,10739,109,eff697de98b1719a85ea3b20937cd5f3489bf471b4ad3f7caa5b024d5a90655e
docs/DEMO-RUNBOOK.md,10889,220,0cd36f64d3e964828e6fc1911f3f68d51a9b29d10a99cc07d90b5f95fa430b08
docs/DEPLOYMENT.md,4327,98,736d427563c0a168ffd3f7ac365ade133e61b1f62c3d16748285e1fd8a70bbdd
docs/DISTRIBUTED.md,21861,350,e2dd1eaf0597b44ce6b073ad1533bfd766491ee619dc10b9a436f4e3fdf2a8d7
docs/EVIDENCE-INDEX.md,12803,98,19dc9814248dbfbcaed872689322c8362bf35c5d2b85a6526b03aac95c7f6108
docs/FINAL-DELIVERY.md,14177,226,92448f843d85b07626fed1cb27d1dce02b45c83b7c81a088fe520ae081dc569a
docs/HANDOVER.md,9300,165,d0f4cabbb4a9d336686e7adc235e74c4ac4b60b946e961a3585ec3714598206c
docs/IP-COMPONENTS.md,13801,259,d2e3e43dfc29e0278fff6fedbd1d6239b55632a2f1ee865f14d0432883c2ee12
docs/LIVE-VALIDATION.md,7882,174,9eece8b46e2d08d1c05dd4e26e995f23aa44a6f2132b3153ddd048f9e09075d2
docs/MODULES.md,6239,115,e7206730e2449a8100e92e802fa853ba1eb082fd84e9d7132c604d57db6ad5c6
docs/OPERATIONS.md,5741,125,03347d3af66108a976344499b5fb96eee04c257ca2d688c8d892453aeb2f5088
docs/RECONCILIATION.md,23013,379,dc339ab78919268d3df213333750d1a1f9edb12e6f12692d84b6e2fe564cf275
docs/RELEASE-NOTES-0.1.0.md,6340,112,8659c884dd7ed4340bc8b63c7535128873eec08aeac0c980438d3528582bdca5
docs/RELEASE.md,7644,140,c04417bd77ae2f857f1301f6b2d4f7c909433f8e7008bcbe2deba67b610ff20f
docs/REPOSITORY-MAP.md,13533,203,24e50bcc5e9f5f75231dbe300287ae91b908f56141ba496ef0c7ee8b8975e337
docs/SCOPE-BOUNDARY.md,5393,99,848089c2474124d93a90b4aadc89f32207feca836cc9d1c579977acc6ab1ab59
docs/SECURITY.md,7194,104,3b9723fa423ae018aa37ae9a91b3cbd1deffe0da8bb75ede269ed929930757ba
docs/SELLER-FACT-SHEET.md,8639,163,679bb3ceb4c98fbfa6af87884ac90246cc90e397bed6adf5d44e70b707d56c10
docs/SELLING-LISTING-SOURCE.md,9175,171,644a2d772dd639777bd2f316a6465ee103c119bc4cad5240372c571eb4674eb2
docs/STAKING.md,9127,157,ecf9fc404ff2ad5c1821d6c7d1e76aaf8eefd7706be84a956d52ac406458ed90
docs/SUPPORT-HANDOVER.md,6571,133,6fe3f35da7cae943177b191efa8841a8273b97ece516f177dc2c349c393353d6
docs/TECHNICAL-DIFFERENTIATORS.md,7796,140,32f433294114138a56c3098475595fd59f9b1849f477231f26e9bb17a6dc7f6b
docs/TECHNICAL-FACT-SHEET.md,9132,151,5b849950ace6ef52f3b582305e020178768f39efa225f4ae2c2feb7fd4b10c41
docs/TESTING.md,9849,144,d8accf370e746902d04972e55dc6488bc457b7714373bfa02b2f864a2ce1ea8c
docs/THIRD-PARTY.md,6339,125,9110146aa3d39358f5de004e39fe8a972bc79c208dbb21bfba2981c39324d7d1
programs/staking-suite/.cargo/audit.toml,990,21,bee2b17167ac23ed3b977347619cf39d393c8358c18364485c5ce93f50cedb4e
programs/staking-suite/.cargo/config.toml,481,9,71358958972696a1a1ceef586553b0ef83bf843fc1d9f88bedb06658659556cb
programs/staking-suite/Cargo.lock,160243,6494,2a00d2817f5538125459a25b3fa43b504b16bfb774d42f2cc8dbc9824af6a9be
programs/staking-suite/Cargo.toml,2872,70,be4209551d916f47b37cea4f1518ab22fd3068d11cc08891a9d8ff9b89683f75
programs/staking-suite/src/error.rs,7116,197,85c2a77877cc63224b0544d205ac08e972c77d36ccaad6e8e728135045c636c0
programs/staking-suite/src/instruction.rs,22326,602,e7bb9347c68e5cf0ca5f53d3e96c4a6e15ae8697dc71e6399c677bd904c7cc8d
programs/staking-suite/src/lib.rs,2496,57,b00b86082413a1f9af069c2336754ea392d8a65dbf698d5277c276d584afc66b
programs/staking-suite/src/processor.rs,98976,2854,19ce10aabccd2afc53607c1059057c84459221bec6c77affcaec46ccb6ed0713
programs/staking-suite/src/state.rs,16909,424,4d61b7253ccf5c526a7cf40e3464e1ad51b602010eeabde74604686c016984b1
programs/staking-suite/tests/validator_e2e.rs,45252,1404,5da1dcec9b44a2bc2ce5ea2633eff6c44c9a1cb3ebe4e85a5c8a29d5c639f2a5
release-manifest.json,9462,116,b0aea36991b0273597950076ada6bfbf160b0f54955b0061c78c54f5045cab5b
rust-toolchain.toml,586,13,6bfe34c7428e778a6347cc465fed1d1ca477d2d7205f9867c73c95e1fc565477
scripts/release-check.sh,8087,181,4e6e68600c5c79f645a884a801bbac1f180efbf03993b2b6c8bfb2b094b89878
scripts/staking-identity.sh,8715,205,61ff70b5cb90d6b25de56567cd8ba73a8890db8568b4e354db91ee32846c48fc
scripts/verify-delivery.sh,7062,155,5b73b1e244ede10c20cd7f1531138a8cac1ef286e38c1b80803ecdd3c4e5b8f3
